time,source OuterVoltage,source InnerVoltage,source QuasiFermiPotential,source DisplacementCurrent,source eCurrent,source hCurrent,source TotalCurrent,source Charge,drain OuterVoltage,drain InnerVoltage,drain QuasiFermiPotential,drain DisplacementCurrent,drain eCurrent,drain hCurrent,drain TotalCurrent,drain Charge,gate OuterVoltage,gate InnerVoltage,gate QuasiFermiPotential,gate DisplacementCurrent,gate eCurrent,gate hCurrent,gate TotalCurrent,gate Charge
Time,OuterVoltage,InnerVoltage,QuasiFermiPotential,DisplacementCurrent,eCurrent,hCurrent,TotalCurrent,Charge,OuterVoltage,InnerVoltage,QuasiFermiPotential,DisplacementCurrent,eCurrent,hCurrent,TotalCurrent,Charge,OuterVoltage,InnerVoltage,QuasiFermiPotential,DisplacementCurrent,eCurrent,hCurrent,TotalCurrent,Charge
0,1.3182154,1.3182154,0,0,1.7816806e-5,0,1.7816806e-5,3.8506071e-15,0,0,0,0,-1.7809022e-5,0,-1.7809022e-5,1.3732442e-15,1.3182154,1.3182154,0,0,-9.2591765e-13,9.2591765e-13,0,3.6177985e-15
0.005,1.3182154,1.3182154,0,0,1.7821944e-5,0,1.7821944e-5,3.8510192e-15,0,0,0,0,-1.7819015e-5,0,-1.7819015e-5,1.3732374e-15,1.3221243,1.3221243,0,0,1.0276878e-10,-1.0276878e-10,0,3.6182285e-15
0.01,1.3182154,1.3182154,0,0,1.7840946e-5,0,1.7840946e-5,3.8536769e-15,0,0,0,0,-1.7837255e-5,0,-1.7837255e-5,1.3732395e-15,1.3260333,1.3260333,0,0,2.1250426e-10,-2.1250426e-10,0,3.6169329e-15
0.015,1.3182154,1.3182154,0,0,1.7672098e-5,0,1.7672098e-5,3.8324797e-15,0,0,0,0,-1.7669093e-5,0,-1.7669093e-5,1.3731442e-15,1.3299422,1.3299422,0,0,1.6398071e-10,-1.6398071e-10,0,3.6412493e-15
0.02,1.3182154,1.3182154,0,0,1.7678553e-5,0,1.7678553e-5,3.8331972e-15,0,0,0,0,-1.7674598e-5,0,-1.7674598e-5,1.3731383e-15,1.3338511,1.3338511,0,0,2.6657246e-10,-2.6657246e-10,0,3.6406632e-15
0.025,1.3182154,1.3182154,0,0,1.7553266e-5,0,1.7553266e-5,3.8188535e-15,0,0,0,0,-1.7550527e-5,0,-1.7550527e-5,1.3730719e-15,1.33776,1.33776,0,0,1.8925123e-10,-1.8925123e-10,0,3.6699228e-15
0.03,1.3182154,1.3182154,0,0,1.7521542e-5,0,1.7521542e-5,3.8149275e-15,0,0,0,0,-1.751977e-5,0,-1.751977e-5,1.3730492e-15,1.341669,1.341669,0,0,2.4611992e-10,-2.4611992e-10,0,3.6769347e-15
0.035,1.3182154,1.3182154,0,0,1.7474287e-5,0,1.7474287e-5,3.8099721e-15,0,0,0,0,-1.7476915e-5,0,-1.7476915e-5,1.3730227e-15,1.3455779,1.3455779,0,0,2.7706777e-10,-2.7706777e-10,0,3.688137e-15
0.04,1.3182154,1.3182154,0,0,1.7304276e-5,0,1.7304276e-5,3.7900614e-15,0,0,0,0,-1.7298736e-5,0,-1.7298736e-5,1.3729422e-15,1.3494868,1.3494868,0,0,6.4135092e-11,-6.4135092e-11,0,3.7393034e-15
0.045,1.3182154,1.3182154,0,0,1.7304471e-5,0,1.7304471e-5,3.7904659e-15,0,0,0,0,-1.7302111e-5,0,-1.7302111e-5,1.3729347e-15,1.3533957,1.3533957,0,0,1.6963104e-10,-1.6963104e-10,0,3.7390927e-15
0.05,1.3182154,1.3182154,0,0,1.7306733e-5,0,1.7306733e-5,3.7906565e-15,0,0,0,0,-1.7304912e-5,0,-1.7304912e-5,1.3729267e-15,1.3573047,1.3573047,0,0,2.6981209e-10,-2.6981209e-10,0,3.7389455e-15
0.055,1.3182154,1.3182154,0,0,1.7042188e-5,0,1.7042188e-5,3.7535349e-15,0,0,0,0,-1.7040403e-5,0,-1.7040403e-5,1.3728285e-15,1.3612136,1.3612136,0,0,9.6177591e-12,-9.6177591e-12,0,3.7976312e-15
0.06,1.3182154,1.3182154,0,0,1.6987534e-5,0,1.6987534e-5,3.7452531e-15,0,0,0,0,-1.6986424e-5,0,-1.6986424e-5,1.3728042e-15,1.3651225,1.3651225,0,0,3.8532925e-11,-3.8532925e-11,0,3.8098724e-15
0.065,1.3182154,1.3182154,0,0,1.68483e-5,0,1.68483e-5,3.719915e-15,0,0,0,0,-1.6847689e-5,0,-1.6847689e-5,1.3727629e-15,1.3690314,1.3690314,0,0,1.7073525e-11,-1.7073525e-11,0,3.8299483e-15
0.07,1.3182154,1.3182154,0,0,1.6783576e-5,0,1.6783576e-5,3.7080574e-15,0,0,0,0,-1.6782543e-5,0,-1.6782543e-5,1.3727423e-15,1.3729403,1.3729403,0,0,4.7268783e-11,-4.7268783e-11,0,3.8420261e-15
0.075,1.3182154,1.3182154,0,0,1.6733108e-5,0,1.6733108e-5,3.7003934e-15,0,0,0,0,-1.673225e-5,0,-1.673225e-5,1.3727258e-15,1.3768493,1.3768493,0,0,5.9412351e-11,-5.9412351e-11,0,3.8568926e-15
0.08,1.3182154,1.3182154,0,0,1.6672865e-5,0,1.6672865e-5,3.6908418e-15,0,0,0,0,-1.6672178e-5,0,-1.6672178e-5,1.372708e-15,1.3807582,1.3807582,0,0,5.6489521e-11,-5.6489521e-11,0,3.8741415e-15
0.085,1.3182154,1.3182154,0,0,1.6603482e-5,0,1.6603482e-5,3.679843e-15,0,0,0,0,-1.6603781e-5,0,-1.6603781e-5,1.3726902e-15,1.3846671,1.3846671,0,0,3.8187987e-11,-3.8187987e-11,0,3.8938189e-15
0.09,1.3182154,1.3182154,0,0,1.6543919e-5,0,1.6543919e-5,3.6699503e-15,0,0,0,0,-1.6544139e-5,0,-1.6544139e-5,1.3726741e-15,1.388576,1.388576,0,0,3.4029656e-11,-3.4029656e-11,0,3.9113137e-15
0.095,1.3182154,1.3182154,0,0,1.6481246e-5,0,1.6481246e-5,3.6594757e-15,0,0,0,0,-1.6480358e-5,0,-1.6480358e-5,1.3726584e-15,1.392485,1.392485,0,0,2.3836828e-11,-2.3836828e-11,0,3.9297717e-15
0.1,1.3182154,1.3182154,0,0,1.6435883e-5,0,1.6435883e-5,3.6523313e-15,0,0,0,0,-1.6435441e-5,0,-1.6435441e-5,1.3726447e-15,1.3963939,1.3963939,0,0,3.5029834e-11,-3.5029834e-11,0,3.9449266e-15
0.105,1.3182154,1.3182154,0,0,1.6382492e-5,0,1.6382492e-5,3.6440362e-15,0,0,0,0,-1.6383859e-5,0,-1.6383859e-5,1.3726305e-15,1.4003028,1.4003028,0,0,2.8883934e-11,-2.8883934e-11,0,3.9628056e-15
0.11,1.3182154,1.3182154,0,0,1.6328048e-5,0,1.6328048e-5,3.6355247e-15,0,0,0,0,-1.632744e-5,0,-1.632744e-5,1.3726161e-15,1.4042117,1.4042117,0,0,1.1628123e-11,-1.1628123e-11,0,3.9824357e-15
0.115,1.3182154,1.3182154,0,0,1.628889e-5,0,1.628889e-5,3.6293651e-15,0,0,0,0,-1.6288275e-5,0,-1.6288275e-5,1.3726036e-15,1.4081206,1.4081206,0,0,3.0854509e-11,-3.0854509e-11,0,3.9964128e-15
0.12,1.3182154,1.3182154,0,0,1.6238238e-5,0,1.6238238e-5,3.6212209e-15,0,0,0,0,-1.6238073e-5,0,-1.6238073e-5,1.3725902e-15,1.4120296,1.4120296,0,0,2.4128587e-11,-2.4128587e-11,0,4.0144536e-15
0.125,1.3182154,1.3182154,0,0,1.6193193e-5,0,1.6193193e-5,3.6144626e-15,0,0,0,0,-1.6191839e-5,0,-1.6191839e-5,1.3725772e-15,1.4159385,1.4159385,0,0,2.1428913e-11,-2.1428913e-11,0,4.0318898e-15
0.13,1.3182154,1.3182154,0,0,1.6139718e-5,0,1.6139718e-5,3.6058668e-15,0,0,0,0,-1.6139733e-5,0,-1.6139733e-5,1.3725639e-15,1.4198474,1.4198474,0,0,5.5027348e-12,-5.5027348e-12,0,4.0514033e-15
0.135,1.3182154,1.3182154,0,0,1.6093117e-5,0,1.6093117e-5,3.5970847e-15,0,0,0,0,-1.609242e-5,0,-1.609242e-5,1.3725521e-15,1.4237563,1.4237563,0,0,2.1495528e-11,-2.1495528e-11,0,4.0659642e-15
0.14,1.3182154,1.3182154,0,0,1.6036085e-5,0,1.6036085e-5,3.5870054e-15,0,0,0,0,-1.6035238e-5,0,-1.6035238e-5,1.3725396e-15,1.4276653,1.4276653,0,0,8.7363019e-12,-8.7363019e-12,0,4.0850248e-15
0.145,1.3182154,1.3182154,0,0,1.5950936e-5,0,1.5950936e-5,3.5671134e-15,0,0,0,0,-1.5950736e-5,0,-1.5950736e-5,1.3725289e-15,1.4315742,1.4315742,0,0,1.9375366e-15,-1.9375366e-15,0,4.1034466e-15
0.15,1.3182154,1.3182154,0,0,1.5898281e-5,0,1.5898281e-5,3.556749e-15,0,0,0,0,-1.589793e-5,0,-1.589793e-5,1.3725174e-15,1.4354831,1.4354831,0,0,1.377856e-12,-1.377856e-12,0,4.1203352e-15
0.155,1.3182154,1.3182154,0,0,1.5861081e-5,0,1.5861081e-5,3.5511379e-15,0,0,0,0,-1.5860648e-5,0,-1.5860648e-5,1.3725054e-15,1.439392,1.439392,0,0,9.6436048e-12,-9.6436048e-12,0,4.1361805e-15
0.16,1.3182154,1.3182154,0,0,1.5816388e-5,0,1.5816388e-5,3.5438277e-15,0,0,0,0,-1.5816026e-5,0,-1.5816026e-5,1.3724933e-15,1.443301,1.443301,0,0,4.0848169e-12,-4.0848169e-12,0,4.154194e-15
0.165,1.3182154,1.3182154,0,0,1.5755949e-5,0,1.5755949e-5,3.5308232e-15,0,0,0,0,-1.5755761e-5,0,-1.5755761e-5,1.3724822e-15,1.4472099,1.4472099,0,0,2.185891e-13,-2.185891e-13,0,4.17194e-15
0.17,1.3182154,1.3182154,0,0,1.5714548e-5,0,1.5714548e-5,3.5238541e-15,0,0,0,0,-1.5714444e-5,0,-1.5714444e-5,1.3724704e-15,1.4511188,1.4511188,0,0,2.3497721e-12,-2.3497721e-12,0,4.1887878e-15
0.175,1.3182154,1.3182154,0,0,1.56918e-5,0,1.56918e-5,3.5215799e-15,0,0,0,0,-1.5693628e-5,0,-1.5693628e-5,1.3724586e-15,1.4550277,1.4550277,0,0,2.7971631e-11,-2.7971631e-11,0,4.201985e-15
0.18,1.3182154,1.3182154,0,0,1.5628437e-5,0,1.5628437e-5,3.5090275e-15,0,0,0,0,-1.5628232e-5,0,-1.5628232e-5,1.3724465e-15,1.4589366,1.4589366,0,0,-1.3019273e-13,1.3019273e-13,0,4.2235794e-15
0.185,1.3182154,1.3182154,0,0,1.560707e-5,0,1.560707e-5,3.5071649e-15,0,0,0,0,-1.5608276e-5,0,-1.5608276e-5,1.3724347e-15,1.4628456,1.4628456,0,0,2.6420753e-11,-2.6420753e-11,0,4.236664e-15
0.19,1.3182154,1.3182154,0,0,1.557073e-5,0,1.557073e-5,3.5034379e-15,0,0,0,0,-1.5570164e-5,0,-1.5570164e-5,1.3724214e-15,1.4667545,1.4667545,0,0,7.8615599e-12,-7.8615599e-12,0,4.2568351e-15
0.195,1.3182154,1.3182154,0,0,1.5515922e-5,0,1.5515922e-5,3.4920317e-15,0,0,0,0,-1.5515817e-5,0,-1.5515817e-5,1.37241e-15,1.4706634,1.4706634,0,0,1.3374651e-12,-1.3374651e-12,0,4.2750924e-15
0.2,1.3182154,1.3182154,0,0,1.5493582e-5,0,1.5493582e-5,3.4893376e-15,0,0,0,0,-1.549651e-5,0,-1.549651e-5,1.3723987e-15,1.4745723,1.4745723,0,0,3.6440249e-11,-3.6440249e-11,0,4.2868592e-15
0.205,1.3182154,1.3182154,0,0,1.542523e-5,0,1.542523e-5,3.4748206e-15,0,0,0,0,-1.542513e-5,0,-1.542513e-5,1.3723866e-15,1.4784813,1.4784813,0,0,-5.0526568e-16,5.0526568e-16,0,4.3098391e-15
0.21,1.3182154,1.3182154,0,0,1.5397251e-5,0,1.5397251e-5,3.4722047e-15,0,0,0,0,-1.5397236e-5,0,-1.5397236e-5,1.3723739e-15,1.4823902,1.4823902,0,0,3.7962172e-12,-3.7962172e-12,0,4.326563e-15
0.215,1.3182154,1.3182154,0,0,1.5369087e-5,0,1.5369087e-5,3.4699269e-15,0,0,0,0,-1.5369062e-5,0,-1.5369062e-5,1.3723611e-15,1.4862991,1.4862991,0,0,3.7830645e-12,-3.7830645e-12,0,4.3438986e-15
0.22,1.3182154,1.3182154,0,0,1.5343746e-5,0,1.5343746e-5,3.4687486e-15,0,0,0,0,-1.5343664e-5,0,-1.5343664e-5,1.372348e-15,1.490208,1.490208,0,0,3.8325323e-12,-3.8325323e-12,0,4.3612433e-15
0.225,1.3182154,1.3182154,0,0,1.5325198e-5,0,1.5325198e-5,3.4678046e-15,0,0,0,0,-1.5326211e-5,0,-1.5326211e-5,1.372336e-15,1.494117,1.494117,0,0,2.9863423e-11,-2.9863423e-11,0,4.3745106e-15
0.23,1.3182154,1.3182154,0,0,1.5291686e-5,0,1.5291686e-5,3.4653698e-15,0,0,0,0,-1.529175e-5,0,-1.529175e-5,1.3723222e-15,1.4980259,1.4980259,0,0,7.9122477e-12,-7.9122477e-12,0,4.3953423e-15
0.235,1.3182154,1.3182154,0,0,1.5266709e-5,0,1.5266709e-5,3.4641266e-15,0,0,0,0,-1.5266151e-5,0,-1.5266151e-5,1.3723093e-15,1.5019348,1.5019348,0,0,1.0505461e-11,-1.0505461e-11,0,4.4123253e-15
0.24,1.3182154,1.3182154,0,0,1.5236537e-5,0,1.5236537e-5,3.4615627e-15,0,0,0,0,-1.5236624e-5,0,-1.5236624e-5,1.3722961e-15,1.5058437,1.5058437,0,0,3.1266684e-12,-3.1266684e-12,0,4.4308803e-15
0.245,1.3182154,1.3182154,0,0,1.5213026e-5,0,1.5213026e-5,3.4601245e-15,0,0,0,0,-1.5211939e-5,0,-1.5211939e-5,1.3722835e-15,1.5097526,1.5097526,0,0,1.2807681e-11,-1.2807681e-11,0,4.4467722e-15
0.25,1.3182154,1.3182154,0,0,1.5185902e-5,0,1.5185902e-5,3.4584171e-15,0,0,0,0,-1.5186481e-5,0,-1.5186481e-5,1.3722705e-15,1.5136616,1.5136616,0,0,1.1998775e-11,-1.1998775e-11,0,4.4643225e-15
0.255,1.3182154,1.3182154,0,0,1.5165145e-5,0,1.5165145e-5,3.4573706e-15,0,0,0,0,-1.5163548e-5,0,-1.5163548e-5,1.3722582e-15,1.5175705,1.5175705,0,0,3.0727508e-11,-3.0727508e-11,0,4.478803e-15
0.26,1.3182154,1.3182154,0,0,1.5135473e-5,0,1.5135473e-5,3.4555867e-15,0,0,0,0,-1.5136194e-5,0,-1.5136194e-5,1.3722447e-15,1.5214794,1.5214794,0,0,1.782852e-11,-1.782852e-11,0,4.4982866e-15
0.265,1.3182154,1.3182154,0,0,1.5112256e-5,0,1.5112256e-5,3.4543484e-15,0,0,0,0,-1.5113209e-5,0,-1.5113209e-5,1.372232e-15,1.5253883,1.5253883,0,0,2.7018983e-11,-2.7018983e-11,0,4.5142925e-15
0.27,1.3182154,1.3182154,0,0,1.5081246e-5,0,1.5081246e-5,3.4522335e-15,0,0,0,0,-1.5081514e-5,0,-1.5081514e-5,1.3722184e-15,1.5292973,1.5292973,0,0,1.088046e-11,-1.088046e-11,0,4.5343048e-15
0.275,1.3182154,1.3182154,0,0,1.5054889e-5,0,1.5054889e-5,3.4503701e-15,0,0,0,0,-1.505431e-5,0,-1.505431e-5,1.3722055e-15,1.5332062,1.5332062,0,0,1.3290499e-11,-1.3290499e-11,0,4.5514005e-15
0.28,1.3182154,1.3182154,0,0,1.5028864e-5,0,1.5028864e-5,3.4487965e-15,0,0,0,0,-1.5029458e-5,0,-1.5029458e-5,1.3721925e-15,1.5371151,1.5371151,0,0,1.4347853e-11,-1.4347853e-11,0,4.5687201e-15
0.285,1.3182154,1.3182154,0,0,1.5006527e-5,0,1.5006527e-5,3.4476603e-15,0,0,0,0,-1.5007293e-5,0,-1.5007293e-5,1.37218e-15,1.541024,1.541024,0,0,2.7364928e-11,-2.7364928e-11,0,4.5841615e-15
0.29,1.3182154,1.3182154,0,0,1.4976612e-5,0,1.4976612e-5,3.4459682e-15,0,0,0,0,-1.4977135e-5,0,-1.4977135e-5,1.3721663e-15,1.5449329,1.5449329,0,0,1.0641918e-11,-1.0641918e-11,0,4.6043083e-15
0.295,1.3182154,1.3182154,0,0,1.4959342e-5,0,1.4959342e-5,3.4451255e-15,0,0,0,0,-1.4960869e-5,0,-1.4960869e-5,1.3721547e-15,1.5488419,1.5488419,0,0,4.6778946e-11,-4.6778946e-11,0,4.6160992e-15
0.3,1.3182154,1.3182154,0,0,1.4927501e-5,0,1.4927501e-5,3.4435124e-15,0,0,0,0,-1.4927741e-5,0,-1.4927741e-5,1.3721404e-15,1.5527508,1.5527508,0,0,1.5848131e-11,-1.5848131e-11,0,4.6385296e-15
0.305,1.3182154,1.3182154,0,0,1.4903737e-5,0,1.4903737e-5,3.4421142e-15,0,0,0,0,-1.4904258e-5,0,-1.4904258e-5,1.3721277e-15,1.5566597,1.5566597,0,0,2.5208076e-11,-2.5208076e-11,0,4.6545826e-15
0.31,1.3182154,1.3182154,0,0,1.4879634e-5,0,1.4879634e-5,3.4408842e-15,0,0,0,0,-1.4880794e-5,0,-1.4880794e-5,1.3721149e-15,1.5605686,1.5605686,0,0,3.2088913e-11,-3.2088913e-11,0,4.6710341e-15
0.315,1.3182154,1.3182154,0,0,1.4846318e-5,0,1.4846318e-5,3.4385946e-15,0,0,0,0,-1.4846457e-5,0,-1.4846457e-5,1.3721009e-15,1.5644776,1.5644776,0,0,6.5339863e-12,-6.5339863e-12,0,4.692617e-15
0.32,1.3182154,1.3182154,0,0,1.4821218e-5,0,1.4821218e-5,3.4369389e-15,0,0,0,0,-1.4821534e-5,0,-1.4821534e-5,1.3720882e-15,1.5683865,1.5683865,0,0,1.2152407e-11,-1.2152407e-11,0,4.709287e-15
0.325,1.3182154,1.3182154,0,0,1.4798093e-5,0,1.4798093e-5,3.4356251e-15,0,0,0,0,-1.4798547e-5,0,-1.4798547e-5,1.3720756e-15,1.5722954,1.5722954,0,0,2.3290113e-11,-2.3290113e-11,0,4.725093e-15
0.33,1.3182154,1.3182154,0,0,1.4768771e-5,0,1.4768771e-5,3.4339592e-15,0,0,0,0,-1.4768284e-5,0,-1.4768284e-5,1.372062e-15,1.5762043,1.5762043,0,0,9.298397e-12,-9.298397e-12,0,4.7448733e-15
0.335,1.3182154,1.3182154,0,0,1.474383e-5,0,1.474383e-5,3.4323949e-15,0,0,0,0,-1.4743333e-5,0,-1.4743333e-5,1.3720492e-15,1.5801133,1.5801133,0,0,1.5367288e-11,-1.5367288e-11,0,4.7614945e-15
0.34,1.3182154,1.3182154,0,0,1.4724851e-5,0,1.4724851e-5,3.431743e-15,0,0,0,0,-1.4723545e-5,0,-1.4723545e-5,1.372037e-15,1.5840222,1.5840222,0,0,3.7833842e-11,-3.7833842e-11,0,4.7755274e-15
0.345,1.3182154,1.3182154,0,0,1.4698515e-5,0,1.4698515e-5,3.4305443e-15,0,0,0,0,-1.4697939e-5,0,-1.4697939e-5,1.3720237e-15,1.5879311,1.5879311,0,0,3.2469387e-11,-3.2469387e-11,0,4.7939748e-15
0.35,1.3182154,1.3182154,0,0,1.4671258e-5,0,1.4671258e-5,3.4293795e-15,0,0,0,0,-1.4671612e-5,0,-1.4671612e-5,1.3720101e-15,1.59184,1.59184,0,0,2.1823045e-11,-2.1823045e-11,0,4.8132634e-15
0.355,1.3182154,1.3182154,0,0,1.4644906e-5,0,1.4644906e-5,3.4279882e-15,0,0,0,0,-1.4644364e-5,0,-1.4644364e-5,1.3719969e-15,1.5957489,1.5957489,0,0,1.8249352e-11,-1.8249352e-11,0,4.8314356e-15
0.36,1.3182154,1.3182154,0,0,1.4618222e-5,0,1.4618222e-5,3.4266542e-15,0,0,0,0,-1.4618512e-5,0,-1.4618512e-5,1.3719836e-15,1.5996579,1.5996579,0,0,1.2336231e-11,-1.2336231e-11,0,4.8499825e-15
0.365,1.3182154,1.3182154,0,0,1.4603401e-5,0,1.4603401e-5,3.4259809e-15,0,0,0,0,-1.4601796e-5,0,-1.4601796e-5,1.3719723e-15,1.6035668,1.6035668,0,0,5.53835e-11,-5.53835e-11,0,4.8607732e-15
0.37,1.3182154,1.3182154,0,0,1.4574498e-5,0,1.4574498e-5,3.4250473e-15,0,0,0,0,-1.4576021e-5,0,-1.4576021e-5,1.3719582e-15,1.6074757,1.6074757,0,0,3.5163896e-11,-3.5163896e-11,0,4.8816236e-15
0.375,1.3182154,1.3182154,0,0,1.4547863e-5,0,1.4547863e-5,3.4239646e-15,0,0,0,0,-1.45471e-5,0,-1.45471e-5,1.3719447e-15,1.6113846,1.6113846,0,0,2.553764e-11,-2.553764e-11,0,4.9007848e-15
0.38,1.3182154,1.3182154,0,0,1.4524324e-5,0,1.4524324e-5,3.4229026e-15,0,0,0,0,-1.4524945e-5,0,-1.4524945e-5,1.3719319e-15,1.6152936,1.6152936,0,0,3.1710318e-11,-3.1710318e-11,0,4.9174459e-15
0.385,1.3182154,1.3182154,0,0,1.4502599e-5,0,1.4502599e-5,3.4220299e-15,0,0,0,0,-1.4504195e-5,0,-1.4504195e-5,1.3719193e-15,1.6192025,1.6192025,0,0,4.5778971e-11,-4.5778971e-11,0,4.9328566e-15
0.39,1.3182154,1.3182154,0,0,1.4471612e-5,0,1.4471612e-5,3.4205478e-15,0,0,0,0,-1.4472066e-5,0,-1.4472066e-5,1.3719051e-15,1.6231114,1.6231114,0,0,1.8922607e-11,-1.8922607e-11,0,4.9547646e-15
0.395,1.3182154,1.3182154,0,0,1.444587e-5,0,1.444587e-5,3.4193102e-15,0,0,0,0,-1.4445546e-5,0,-1.4445546e-5,1.371892e-15,1.6270203,1.6270203,0,0,1.7336103e-11,-1.7336103e-11,0,4.9726699e-15
0.4,1.3182154,1.3182154,0,0,1.443082e-5,0,1.443082e-5,3.4186912e-15,0,0,0,0,-1.4432646e-5,0,-1.4432646e-5,1.3718805e-15,1.6309293,1.6309293,0,0,5.821322e-11,-5.821322e-11,0,4.9838404e-15
0.405,1.3182154,1.3182154,0,0,1.4402624e-5,0,1.4402624e-5,3.4177524e-15,0,0,0,0,-1.4401593e-5,0,-1.4401593e-5,1.3718666e-15,1.6348382,1.6348382,0,0,3.9878376e-11,-3.9878376e-11,0,5.004432e-15
0.41,1.3182154,1.3182154,0,0,1.4375358e-5,0,1.4375358e-5,3.4165302e-15,0,0,0,0,-1.4375774e-5,0,-1.4375774e-5,1.371853e-15,1.6387471,1.6387471,0,0,2.9196446e-11,-2.9196446e-11,0,5.0237965e-15
0.415,1.3182154,1.3182154,0,0,1.4350859e-5,0,1.4350859e-5,3.4154464e-15,0,0,0,0,-1.4351412e-5,0,-1.4351412e-5,1.37184e-15,1.642656,1.642656,0,0,3.1752316e-11,-3.1752316e-11,0,5.0410677e-15
0.42,1.3182154,1.3182154,0,0,1.4328905e-5,0,1.4328905e-5,3.4144901e-15,0,0,0,0,-1.4329449e-5,0,-1.4329449e-5,1.3718273e-15,1.6465649,1.6465649,0,0,4.1830963e-11,-4.1830963e-11,0,5.0571495e-15
0.425,1.3182154,1.3182154,0,0,1.429573e-5,0,1.429573e-5,3.4127094e-15,0,0,0,0,-1.429579e-5,0,-1.429579e-5,1.371813e-15,1.6504739,1.6504739,0,0,1.1441441e-11,-1.1441441e-11,0,5.0796363e-15
0.43,1.3182154,1.3182154,0,0,1.4280699e-5,0,1.4280699e-5,3.4120833e-15,0,0,0,0,-1.4280173e-5,0,-1.4280173e-5,1.3718017e-15,1.6543828,1.6543828,0,0,5.5035153e-11,-5.5035153e-11,0,5.0904201e-15
0.435,1.3182154,1.3182154,0,0,1.4249431e-5,0,1.4249431e-5,3.41084e-15,0,0,0,0,-1.4250071e-5,0,-1.4250071e-5,1.3717873e-15,1.6582917,1.6582917,0,0,2.4352662e-11,-2.4352662e-11,0,5.1129844e-15
0.44,1.3182154,1.3182154,0,0,1.4218909e-5,0,1.4218909e-5,3.4098695e-15,0,0,0,0,-1.4219092e-5,0,-1.4219092e-5,1.3717728e-15,1.6622006,1.6622006,0,0,-5.9903139e-12,5.9903139e-12,0,5.1354558e-15
0.445,1.3182154,1.3182154,0,0,1.4203217e-5,0,1.4203217e-5,3.4090762e-15,0,0,0,0,-1.4203739e-5,0,-1.4203739e-5,1.3717615e-15,1.6661096,1.6661096,0,0,3.6694919e-11,-3.6694919e-11,0,5.1464339e-15
0.45,1.3182154,1.3182154,0,0,1.4172774e-5,0,1.4172774e-5,3.4078331e-15,0,0,0,0,-1.417258e-5,0,-1.417258e-5,1.3717472e-15,1.6700185,1.6700185,0,0,9.5706886e-12,-9.5706886e-12,0,5.1684208e-15
0.455,1.3182154,1.3182154,0,0,1.415418e-5,0,1.415418e-5,3.4070327e-15,0,0,0,0,-1.4155099e-5,0,-1.4155099e-5,1.3717353e-15,1.6739274,1.6739274,0,0,3.7996197e-11,-3.7996197e-11,0,5.181644e-15
0.46,1.3182154,1.3182154,0,0,1.4122627e-5,0,1.4122627e-5,3.4053313e-15,0,0,0,0,-1.4122751e-5,0,-1.4122751e-5,1.3717211e-15,1.6778363,1.6778363,0,0,1.0921567e-11,-1.0921567e-11,0,5.2036263e-15
0.465,1.3182154,1.3182154,0,0,1.4108567e-5,0,1.4108567e-5,3.4047608e-15,0,0,0,0,-1.4107627e-5,0,-1.4107627e-5,1.3717099e-15,1.6817453,1.6817453,0,0,5.761381e-11,-5.761381e-11,0,5.2139546e-15
0.47,1.3182154,1.3182154,0,0,1.4071997e-5,0,1.4071997e-5,3.4038145e-15,0,0,0,0,-1.4071896e-5,0,-1.4071896e-5,1.3716941e-15,1.6856542,1.6856542,0,0,-2.6938505e-12,2.6938505e-12,0,5.2412037e-15
0.475,1.3182154,1.3182154,0,0,1.4055603e-5,0,1.4055603e-5,3.4030837e-15,0,0,0,0,-1.4056658e-5,0,-1.4056658e-5,1.3716827e-15,1.6895631,1.6895631,0,0,3.6595794e-11,-3.6595794e-11,0,5.2527436e-15
0.48,1.3182154,1.3182154,0,0,1.4028505e-5,0,1.4028505e-5,3.4019244e-15,0,0,0,0,-1.4029059e-5,0,-1.4029059e-5,1.371669e-15,1.693472,1.693472,0,0,2.3819267e-11,-2.3819267e-11,0,5.2724886e-15
0.485,1.3182154,1.3182154,0,0,1.4006792e-5,0,1.4006792e-5,3.4010522e-15,0,0,0,0,-1.4007814e-5,0,-1.4007814e-5,1.3716564e-15,1.6973809,1.6973809,0,0,3.7482535e-11,-3.7482535e-11,0,5.2880612e-15
0.49,1.3182154,1.3182154,0,0,1.3991917e-5,0,1.3991917e-5,3.4005595e-15,0,0,0,0,-1.3992994e-5,0,-1.3992994e-5,1.371645e-15,1.7012899,1.7012899,0,0,7.7838731e-11,-7.7838731e-11,0,5.2993706e-15
0.495,1.3182154,1.3182154,0,0,1.3968664e-5,0,1.3968664e-5,3.3999035e-15,0,0,0,0,-1.3970384e-5,0,-1.3970384e-5,1.3716319e-15,1.7051988,1.7051988,0,0,8.2112583e-11,-8.2112583e-11,0,5.3164266e-15
0.5,1.3182154,1.3182154,0,0,1.3930271e-5,0,1.3930271e-5,3.3987994e-15,0,0,0,0,-1.3929917e-5,0,-1.3929917e-5,1.3716158e-15,1.7091077,1.7091077,0,0,1.2717435e-11,-1.2717435e-11,0,5.3451831e-15
0.505,1.3182154,1.3182154,0,0,1.3911615e-5,0,1.3911615e-5,3.3980116e-15,0,0,0,0,-1.3912304e-5,0,-1.3912304e-5,1.3716038e-15,1.7130166,1.7130166,0,0,3.9546123e-11,-3.9546123e-11,0,5.3586972e-15
0.51,1.3182154,1.3182154,0,0,1.3884532e-5,0,1.3884532e-5,3.3969126e-15,0,0,0,0,-1.3885025e-5,0,-1.3885025e-5,1.3715901e-15,1.7169256,1.7169256,0,0,2.7578857e-11,-2.7578857e-11,0,5.3783318e-15
0.515,1.3182154,1.3182154,0,0,1.3877092e-5,0,1.3877092e-5,3.3965837e-15,0,0,0,0,-1.3877309e-5,0,-1.3877309e-5,1.3715799e-15,1.7208345,1.7208345,0,0,9.5942598e-11,-9.5942598e-11,0,5.3851931e-15
0.52,1.3182154,1.3182154,0,0,1.3838902e-5,0,1.3838902e-5,3.3954779e-15,0,0,0,0,-1.3839999e-5,0,-1.3839999e-5,1.3715643e-15,1.7247434,1.7247434,0,0,3.9480487e-11,-3.9480487e-11,0,5.411956e-15
0.525,1.3182154,1.3182154,0,0,1.3808575e-5,0,1.3808575e-5,3.3941964e-15,0,0,0,0,-1.3808803e-5,0,-1.3808803e-5,1.37155e-15,1.7286523,1.7286523,0,0,1.2920546e-11,-1.2920546e-11,0,5.4338887e-15
0.53,1.3182154,1.3182154,0,0,1.3787016e-5,0,1.3787016e-5,3.3935234e-15,0,0,0,0,-1.3786443e-5,0,-1.3786443e-5,1.3715373e-15,1.7325612,1.7325612,0,0,2.3524356e-11,-2.3524356e-11,0,5.4499808e-15
0.535,1.3182154,1.3182154,0,0,1.3765964e-5,0,1.3765964e-5,3.3927392e-15,0,0,0,0,-1.3767167e-5,0,-1.3767167e-5,1.3715248e-15,1.7364702,1.7364702,0,0,3.9027772e-11,-3.9027772e-11,0,5.4652956e-15
0.54,1.3182154,1.3182154,0,0,1.3741254e-5,0,1.3741254e-5,3.391872e-15,0,0,0,0,-1.3741694e-5,0,-1.3741694e-5,1.3715114e-15,1.7403791,1.7403791,0,0,3.4580477e-11,-3.4580477e-11,0,5.4837588e-15
0.545,1.3182154,1.3182154,0,0,1.3704821e-5,0,1.3704821e-5,3.3909864e-15,0,0,0,0,-1.3704296e-5,0,-1.3704296e-5,1.3714957e-15,1.744288,1.744288,0,0,-2.5913821e-11,2.5913821e-11,0,5.5109849e-15
0.55,1.3182154,1.3182154,0,0,1.3692656e-5,0,1.3692656e-5,3.3903905e-15,0,0,0,0,-1.369329e-5,0,-1.369329e-5,1.3714849e-15,1.7481969,1.7481969,0,0,3.1295507e-11,-3.1295507e-11,0,5.5198065e-15
0.555,1.3182154,1.3182154,0,0,1.3673195e-5,0,1.3673195e-5,3.3897061e-15,0,0,0,0,-1.3673909e-5,0,-1.3673909e-5,1.3714727e-15,1.7521059,1.7521059,0,0,5.2713054e-11,-5.2713054e-11,0,5.5341925e-15
0.56,1.3182154,1.3182154,0,0,1.3636369e-5,0,1.3636369e-5,3.3885172e-15,0,0,0,0,-1.3636499e-5,0,-1.3636499e-5,1.3714569e-15,1.7560148,1.7560148,0,0,-7.6492662e-12,7.6492662e-12,0,5.5614378e-15
0.565,1.3182154,1.3182154,0,0,1.3619914e-5,0,1.3619914e-5,3.3880993e-15,0,0,0,0,-1.3620648e-5,0,-1.3620648e-5,1.3714453e-15,1.7599237,1.7599237,0,0,2.9772337e-11,-2.9772337e-11,0,5.5733546e-15
0.57,1.3182154,1.3182154,0,0,1.3612735e-5,0,1.3612735e-5,3.3878051e-15,0,0,0,0,-1.3611795e-5,0,-1.3611795e-5,1.3714354e-15,1.7638326,1.7638326,0,0,1.0608812e-10,-1.0608812e-10,0,5.5789911e-15
0.575,1.3182154,1.3182154,0,0,1.3606191e-5,0,1.3606191e-5,3.3875887e-15,0,0,0,0,-1.360829e-5,0,-1.360829e-5,1.3714254e-15,1.7677416,1.7677416,0,0,1.8109418e-10,-1.8109418e-10,0,5.584528e-15
0.58,1.3182154,1.3182154,0,0,1.3570532e-5,0,1.3570532e-5,3.3869475e-15,0,0,0,0,-1.3570129e-5,0,-1.3570129e-5,1.3714097e-15,1.7716505,1.7716505,0,0,1.250982e-10,-1.250982e-10,0,5.6114868e-15
0.585,1.3182154,1.3182154,0,0,1.3527488e-5,0,1.3527488e-5,3.3857487e-15,0,0,0,0,-1.3527542e-5,0,-1.3527542e-5,1.3713926e-15,1.7755594,1.7755594,0,0,3.3071727e-11,-3.3071727e-11,0,5.6439477e-15
0.59,1.3182154,1.3182154,0,0,1.3502729e-5,0,1.3502729e-5,3.3847947e-15,0,0,0,0,-1.3502943e-5,0,-1.3502943e-5,1.3713794e-15,1.7794683,1.7794683,0,0,3.2359661e-11,-3.2359661e-11,0,5.6618373e-15
0.595,1.3182154,1.3182154,0,0,1.3474309e-5,0,1.3474309e-5,3.3837344e-15,0,0,0,0,-1.3474662e-5,0,-1.3474662e-5,1.3713654e-15,1.7833772,1.7833772,0,0,1.3144795e-11,-1.3144795e-11,0,5.682625e-15
0.6,1.3182154,1.3182154,0,0,1.3469904e-5,0,1.3469904e-5,3.3835526e-15,0,0,0,0,-1.3468967e-5,0,-1.3468967e-5,1.3713562e-15,1.7872862,1.7872862,0,0,1.0512927e-10,-1.0512927e-10,0,5.6858469e-15
0.605,1.3182154,1.3182154,0,0,1.3443641e-5,0,1.3443641e-5,3.3830185e-15,0,0,0,0,-1.3442615e-5,0,-1.3442615e-5,1.3713423e-15,1.7911951,1.7911951,0,0,9.0574141e-11,-9.0574141e-11,0,5.7059699e-15
0.61,1.3182154,1.3182154,0,0,1.3417423e-5,0,1.3417423e-5,3.3823418e-15,0,0,0,0,-1.341873e-5,0,-1.341873e-5,1.3713285e-15,1.795104,1.795104,0,0,7.6817793e-11,-7.6817793e-11,0,5.725952e-15
0.615,1.3182154,1.3182154,0,0,1.3380697e-5,0,1.3380697e-5,3.3814704e-15,0,0,0,0,-1.3381197e-5,0,-1.3381197e-5,1.3713126e-15,1.7990129,1.7990129,0,0,1.3370286e-11,-1.3370286e-11,0,5.7537319e-15
0.62,1.3182154,1.3182154,0,0,1.3360536e-5,0,1.3360536e-5,3.3806642e-15,0,0,0,0,-1.3360779e-5,0,-1.3360779e-5,1.3713002e-15,1.8029219,1.8029219,0,0,3.2292355e-11,-3.2292355e-11,0,5.7685582e-15
0.625,1.3182154,1.3182154,0,0,1.3346181e-5,0,1.3346181e-5,3.3802325e-15,0,0,0,0,-1.334566e-5,0,-1.334566e-5,1.3712889e-15,1.8068308,1.8068308,0,0,7.5451455e-11,-7.5451455e-11,0,5.7795403e-15
0.63,1.3182154,1.3182154,0,0,1.331764e-5,0,1.331764e-5,3.3794117e-15,0,0,0,0,-1.3318381e-5,0,-1.3318381e-5,1.3712747e-15,1.8107397,1.8107397,0,0,5.3742069e-11,-5.3742069e-11,0,5.8007667e-15
0.635,1.3182154,1.3182154,0,0,1.3287394e-5,0,1.3287394e-5,3.3783615e-15,0,0,0,0,-1.3287546e-5,0,-1.3287546e-5,1.3712603e-15,1.8146486,1.8146486,0,0,2.5035265e-11,-2.5035265e-11,0,5.8230607e-15
0.64,1.3182154,1.3182154,0,0,1.326667e-5,0,1.326667e-5,3.3775988e-15,0,0,0,0,-1.3265982e-5,0,-1.3265982e-5,1.3712478e-15,1.8185576,1.8185576,0,0,3.9546224e-11,-3.9546224e-11,0,5.838579e-15
0.645,1.3182154,1.3182154,0,0,1.3252428e-5,0,1.3252428e-5,3.3772086e-15,0,0,0,0,-1.3254282e-5,0,-1.3254282e-5,1.3712366e-15,1.8224665,1.8224665,0,0,8.7034167e-11,-8.7034167e-11,0,5.8488718e-15
0.65,1.3182154,1.3182154,0,0,1.3226022e-5,0,1.3226022e-5,3.3764882e-15,0,0,0,0,-1.3226835e-5,0,-1.3226835e-5,1.3712226e-15,1.8263754,1.8263754,0,0,6.8697504e-11,-6.8697504e-11,0,5.8695774e-15
0.655,1.3182154,1.3182154,0,0,1.3184185e-5,0,1.3184185e-5,3.3756509e-15,0,0,0,0,-1.3183428e-5,0,-1.3183428e-5,1.3712056e-15,1.8302843,1.8302843,0,0,-2.0255558e-11,2.0255558e-11,0,5.9012609e-15
0.66,1.3182154,1.3182154,0,0,1.3167926e-5,0,1.3167926e-5,3.3748366e-15,0,0,0,0,-1.3168256e-5,0,-1.3168256e-5,1.3711942e-15,1.8341932,1.8341932,0,0,2.045903e-11,-2.045903e-11,0,5.9127372e-15
0.665,1.3182154,1.3182154,0,0,1.3146029e-5,0,1.3146029e-5,3.3740063e-15,0,0,0,0,-1.3146588e-5,0,-1.3146588e-5,1.3711815e-15,1.8381022,1.8381022,0,0,3.1670073e-11,-3.1670073e-11,0,5.9287806e-15
0.67,1.3182154,1.3182154,0,0,1.3139375e-5,0,1.3139375e-5,3.3737731e-15,0,0,0,0,-1.31413e-5,0,-1.31413e-5,1.3711717e-15,1.8420111,1.8420111,0,0,1.1278879e-10,-1.1278879e-10,0,5.9337526e-15
0.675,1.3182154,1.3182154,0,0,1.3112712e-5,0,1.3112712e-5,3.3731676e-15,0,0,0,0,-1.3113842e-5,0,-1.3113842e-5,1.3711578e-15,1.84592,1.84592,0,0,9.545086e-11,-9.545086e-11,0,5.9543238e-15
0.68,1.3182154,1.3182154,0,0,1.3078221e-5,0,1.3078221e-5,3.3724723e-15,0,0,0,0,-1.3078944e-5,0,-1.3078944e-5,1.3711422e-15,1.8498289,1.8498289,0,0,4.1830494e-11,-4.1830494e-11,0,5.9805873e-15
0.685,1.3182154,1.3182154,0,0,1.3060673e-5,0,1.3060673e-5,3.3719711e-15,0,0,0,0,-1.3062089e-5,0,-1.3062089e-5,1.3711303e-15,1.8537379,1.8537379,0,0,7.2625112e-11,-7.2625112e-11,0,5.9935464e-15
0.69,1.3182154,1.3182154,0,0,1.3023081e-5,0,1.3023081e-5,3.3707021e-15,0,0,0,0,-1.3023251e-5,0,-1.3023251e-5,1.3711143e-15,1.8576468,1.8576468,0,0,6.3453681e-12,-6.3453681e-12,0,6.0217002e-15
0.695,1.3182154,1.3182154,0,0,1.3013518e-5,0,1.3013518e-5,3.3703573e-15,0,0,0,0,-1.3013057e-5,0,-1.3013057e-5,1.3711039e-15,1.8615557,1.8615557,0,0,7.0037395e-11,-7.0037395e-11,0,6.0295515e-15
0.7,1.3182154,1.3182154,0,0,1.2988849e-5,0,1.2988849e-5,3.3697727e-15,0,0,0,0,-1.2990314e-5,0,-1.2990314e-5,1.3710906e-15,1.8654646,1.8654646,0,0,6.9757341e-11,-6.9757341e-11,0,6.0473968e-15
0.705,1.3182154,1.3182154,0,0,1.298334e-5,0,1.298334e-5,3.3695929e-15,0,0,0,0,-1.2985926e-5,0,-1.2985926e-5,1.3710812e-15,1.8693735,1.8693735,0,0,1.5694067e-10,-1.5694067e-10,0,6.0512725e-15
0.71,1.3182154,1.3182154,0,0,1.2939012e-5,0,1.2939012e-5,3.368583e-15,0,0,0,0,-1.2939309e-5,0,-1.2939309e-5,1.3710634e-15,1.8732825,1.8732825,0,0,5.2305779e-11,-5.2305779e-11,0,6.0857411e-15
0.715,1.3182154,1.3182154,0,0,1.2913221e-5,0,1.2913221e-5,3.3678298e-15,0,0,0,0,-1.2913823e-5,0,-1.2913823e-5,1.3710498e-15,1.8771914,1.8771914,0,0,4.2125809e-11,-4.2125809e-11,0,6.1051309e-15
0.72,1.3182154,1.3182154,0,0,1.2900792e-5,0,1.2900792e-5,3.3674719e-15,0,0,0,0,-1.2902718e-5,0,-1.2902718e-5,1.3710389e-15,1.8811003,1.8811003,0,0,9.6604591e-11,-9.6604591e-11,0,6.114364e-15
0.725,1.3182154,1.3182154,0,0,1.2854621e-5,0,1.2854621e-5,3.3667634e-15,0,0,0,0,-1.2854836e-5,0,-1.2854836e-5,1.3710206e-15,1.8850092,1.8850092,0,0,-1.9740746e-11,1.9740746e-11,0,6.150304e-15
0.73,1.3182154,1.3182154,0,0,1.2853599e-5,0,1.2853599e-5,3.3666275e-15,0,0,0,0,-1.2854688e-5,0,-1.2854688e-5,1.371012e-15,1.8889182,1.8889182,0,0,8.664481e-11,-8.664481e-11,0,6.151552e-15
0.735,1.3182154,1.3182154,0,0,1.2818518e-5,0,1.2818518e-5,3.3656958e-15,0,0,0,0,-1.2819428e-5,0,-1.2819428e-5,1.3709965e-15,1.8928271,1.8928271,0,0,3.4787094e-11,-3.4787094e-11,0,6.1774769e-15
0.74,1.3182154,1.3182154,0,0,1.2811454e-5,0,1.2811454e-5,3.3654409e-15,0,0,0,0,-1.2812964e-5,0,-1.2812964e-5,1.3709866e-15,1.896736,1.896736,0,0,1.1125552e-10,-1.1125552e-10,0,6.1832586e-15
0.745,1.3182154,1.3182154,0,0,1.2780124e-5,0,1.2780124e-5,3.3647022e-15,0,0,0,0,-1.278108e-5,0,-1.278108e-5,1.3709718e-15,1.9006449,1.9006449,0,0,7.3332057e-11,-7.3332057e-11,0,6.2070563e-15
0.75,1.3182154,1.3182154,0,0,1.2739872e-5,0,1.2739872e-5,3.3638845e-15,0,0,0,0,-1.2739692e-5,0,-1.2739692e-5,1.370955e-15,1.9045539,1.9045539,0,0,-9.6604877e-12,9.6604877e-12,0,6.237737e-15
0.755,1.3182154,1.3182154,0,0,1.2728177e-5,0,1.2728177e-5,3.3634314e-15,0,0,0,0,-1.272866e-5,0,-1.272866e-5,1.3709442e-15,1.9084628,1.9084628,0,0,4.760468e-11,-4.760468e-11,0,6.2466816e-15
0.76,1.3182154,1.3182154,0,0,1.2719682e-5,0,1.2719682e-5,3.3631705e-15,0,0,0,0,-1.2720959e-5,0,-1.2720959e-5,1.3709341e-15,1.9123717,1.9123717,0,0,1.1861113e-10,-1.1861113e-10,0,6.2533081e-15
0.765,1.3182154,1.3182154,0,0,1.269555e-5,0,1.269555e-5,3.3626741e-15,0,0,0,0,-1.2696991e-5,0,-1.2696991e-5,1.3709205e-15,1.9162806,1.9162806,0,0,1.1192933e-10,-1.1192933e-10,0,6.2721756e-15
0.77,1.3182154,1.3182154,0,0,1.2666874e-5,0,1.2666874e-5,3.3621051e-15,0,0,0,0,-1.2667079e-5,0,-1.2667079e-5,1.370906e-15,1.9201895,1.9201895,0,0,8.3072076e-11,-8.3072076e-11,0,6.2945378e-15
0.775,1.3182154,1.3182154,0,0,1.2630192e-5,0,1.2630192e-5,3.3611788e-15,0,0,0,0,-1.2630489e-5,0,-1.2630489e-5,1.3708903e-15,1.9240985,1.9240985,0,0,2.440428e-11,-2.440428e-11,0,6.3214748e-15
0.78,1.3182154,1.3182154,0,0,1.262077e-5,0,1.262077e-5,3.3608754e-15,0,0,0,0,-1.2619552e-5,0,-1.2619552e-5,1.37088e-15,1.9280074,1.9280074,0,0,9.2099143e-11,-9.2099143e-11,0,6.328719e-15
0.785,1.3182154,1.3182154,0,0,1.2581965e-5,0,1.2581965e-5,3.3601999e-15,0,0,0,0,-1.2581751e-5,0,-1.2581751e-5,1.3708634e-15,1.9319163,1.9319163,0,0,1.3916566e-11,-1.3916566e-11,0,6.358686e-15
0.79,1.3182154,1.3182154,0,0,1.2575961e-5,0,1.2575961e-5,3.3599692e-15,0,0,0,0,-1.2577258e-5,0,-1.2577258e-5,1.3708537e-15,1.9358252,1.9358252,0,0,9.6658799e-11,-9.6658799e-11,0,6.3636049e-15
0.795,1.3182154,1.3182154,0,0,1.2544118e-5,0,1.2544118e-5,3.359326e-15,0,0,0,0,-1.2545764e-5,0,-1.2545764e-5,1.3708388e-15,1.9397342,1.9397342,0,0,5.7358995e-11,-5.7358995e-11,0,6.3875569e-15
0.8,1.3182154,1.3182154,0,0,1.2518267e-5,0,1.2518267e-5,3.3585922e-15,0,0,0,0,-1.2518106e-5,0,-1.2518106e-5,1.370825e-15,1.9436431,1.9436431,0,0,4.5094428e-11,-4.5094428e-11,0,6.4072561e-15
0.805,1.3182154,1.3182154,0,0,1.2511033e-5,0,1.2511033e-5,3.3583566e-15,0,0,0,0,-1.2512448e-5,0,-1.2512448e-5,1.3708151e-15,1.947552,1.947552,0,0,1.208179e-10,-1.208179e-10,0,6.4131885e-15
0.81,1.3182154,1.3182154,0,0,1.2488937e-5,0,1.2488937e-5,3.3579282e-15,0,0,0,0,-1.249168e-5,0,-1.249168e-5,1.3708024e-15,1.9514609,1.9514609,0,0,1.3233994e-10,-1.3233994e-10,0,6.4291608e-15
0.815,1.3182154,1.3182154,0,0,1.2467262e-5,0,1.2467262e-5,3.3574416e-15,0,0,0,0,-1.2467894e-5,0,-1.2467894e-5,1.370789e-15,1.9553699,1.9553699,0,0,1.2894652e-10,-1.2894652e-10,0,6.4475018e-15
0.82,1.3182154,1.3182154,0,0,1.2465141e-5,0,1.2465141e-5,3.357341e-15,0,0,0,0,-1.2468532e-5,0,-1.2468532e-5,1.3707804e-15,1.9592788,1.9592788,0,0,2.3497739e-10,-2.3497739e-10,0,6.4481579e-15
0.825,1.3182154,1.3182154,0,0,1.2454915e-5,0,1.2454915e-5,3.3571193e-15,0,0,0,0,-1.2457204e-5,0,-1.2457204e-5,1.3707696e-15,1.9631877,1.9631877,0,0,2.8993907e-10,-2.8993907e-10,0,6.4568088e-15
0.83,1.3182154,1.3182154,0,0,1.2400191e-5,0,1.2400191e-5,3.3563099e-15,0,0,0,0,-1.2405299e-5,0,-1.2405299e-5,1.37075e-15,1.9670966,1.9670966,0,0,1.4738728e-10,-1.4738728e-10,0,6.4979735e-15
0.835,1.3182154,1.3182154,0,0,1.2393338e-5,0,1.2393338e-5,3.3560936e-15,0,0,0,0,-1.2394282e-5,0,-1.2394282e-5,1.3707397e-15,1.9710055,1.9710055,0,0,2.1351981e-10,-2.1351981e-10,0,6.5051075e-15
0.84,1.3182154,1.3182154,0,0,1.2389589e-5,0,1.2389589e-5,3.3559701e-15,0,0,0,0,-1.2394283e-5,0,-1.2394283e-5,1.3707306e-15,1.9749145,1.9749145,0,0,3.0707869e-10,-3.0707869e-10,0,6.5073616e-15
0.845,1.3182154,1.3182154,0,0,1.2327817e-5,0,1.2327817e-5,3.3551064e-15,0,0,0,0,-1.233e-5,0,-1.233e-5,1.3707093e-15,1.9788234,1.9788234,0,0,1.2665113e-10,-1.2665113e-10,0,6.5546673e-15
0.85,1.3182154,1.3182154,0,0,1.22879e-5,0,1.22879e-5,3.354364e-15,0,0,0,0,-1.2288254e-5,0,-1.2288254e-5,1.3706923e-15,1.9827323,1.9827323,0,0,3.9262613e-11,-3.9262613e-11,0,6.5860921e-15
0.855,1.3182154,1.3182154,0,0,1.2262455e-5,0,1.2262455e-5,3.3537913e-15,0,0,0,0,-1.2263337e-5,0,-1.2263337e-5,1.3706786e-15,1.9866412,1.9866412,0,0,2.7733272e-11,-2.7733272e-11,0,6.6056504e-15
0.86,1.3182154,1.3182154,0,0,1.2260138e-5,0,1.2260138e-5,3.3536654e-15,0,0,0,0,-1.2262173e-5,0,-1.2262173e-5,1.3706699e-15,1.9905502,1.9905502,0,0,1.3244496e-10,-1.3244496e-10,0,6.6071358e-15
0.865,1.3182154,1.3182154,0,0,1.2227669e-5,0,1.2227669e-5,3.3530081e-15,0,0,0,0,-1.2228921e-5,0,-1.2228921e-5,1.3706545e-15,1.9944591,1.9944591,0,0,8.3345126e-11,-8.3345126e-11,0,6.6326315e-15
0.87,1.3182154,1.3182154,0,0,1.221116e-5,0,1.221116e-5,3.35262e-15,0,0,0,0,-1.2213488e-5,0,-1.2213488e-5,1.3706428e-15,1.998368,1.998368,0,0,1.1781542e-10,-1.1781542e-10,0,6.6450272e-15
0.875,1.3182154,1.3182154,0,0,1.2187632e-5,0,1.2187632e-5,3.3521686e-15,0,0,0,0,-1.2190691e-5,0,-1.2190691e-5,1.3706295e-15,2.0022769,2.0022769,0,0,1.1864103e-10,-1.1864103e-10,0,6.6626875e-15
0.88,1.3182154,1.3182154,0,0,1.2181106e-5,0,1.2181106e-5,3.3519667e-15,0,0,0,0,-1.2182853e-5,0,-1.2182853e-5,1.3706196e-15,2.0061859,2.0061859,0,0,1.9308748e-10,-1.9308748e-10,0,6.6686336e-15
0.885,1.3182154,1.3182154,0,0,1.216307e-5,0,1.216307e-5,3.3516324e-15,0,0,0,0,-1.2166867e-5,0,-1.2166867e-5,1.3706072e-15,2.0100948,2.0100948,0,0,2.1388118e-10,-2.1388118e-10,0,6.6830688e-15
0.89,1.3182154,1.3182154,0,0,1.2136145e-5,0,1.2136145e-5,3.3511785e-15,0,0,0,0,-1.2139386e-5,0,-1.2139386e-5,1.370593e-15,2.0140037,2.0140037,0,0,1.9187202e-10,-1.9187202e-10,0,6.7044213e-15
0.895,1.3182154,1.3182154,0,0,1.2110155e-5,0,1.2110155e-5,3.3507241e-15,0,0,0,0,-1.2111622e-5,0,-1.2111622e-5,1.3705792e-15,2.0179126,2.0179126,0,0,1.7865074e-10,-1.7865074e-10,0,6.7243357e-15
0.9,1.3182154,1.3182154,0,0,1.2079604e-5,0,1.2079604e-5,3.3501771e-15,0,0,0,0,-1.2081395e-5,0,-1.2081395e-5,1.3705644e-15,2.0218215,2.0218215,0,0,1.4315709e-10,-1.4315709e-10,0,6.7477679e-15
0.905,1.3182154,1.3182154,0,0,1.2063022e-5,0,1.2063022e-5,3.3498409e-15,0,0,0,0,-1.2064819e-5,0,-1.2064819e-5,1.3705525e-15,2.0257305,2.0257305,0,0,1.754894e-10,-1.754894e-10,0,6.7604199e-15
0.91,1.3182154,1.3182154,0,0,1.2044384e-5,0,1.2044384e-5,3.3495206e-15,0,0,0,0,-1.2046673e-5,0,-1.2046673e-5,1.3705402e-15,2.0296394,2.0296394,0,0,1.9534007e-10,-1.9534007e-10,0,6.7750315e-15
0.915,1.3182154,1.3182154,0,0,1.2019979e-5,0,1.2019979e-5,3.3490949e-15,0,0,0,0,-1.2021952e-5,0,-1.2021952e-5,1.3705266e-15,2.0335483,2.0335483,0,0,1.87884e-10,-1.87884e-10,0,6.7940158e-15
0.92,1.3182154,1.3182154,0,0,1.2006559e-5,0,1.2006559e-5,3.3488655e-15,0,0,0,0,-1.2010801e-5,0,-1.2010801e-5,1.3705158e-15,2.0374572,2.0374572,0,0,2.4436099e-10,-2.4436099e-10,0,6.8026713e-15
0.925,1.3182154,1.3182154,0,0,1.1991764e-5,0,1.1991764e-5,3.3485639e-15,0,0,0,0,-1.1995973e-5,0,-1.1995973e-5,1.3705038e-15,2.0413662,2.0413662,0,0,2.7051253e-10,-2.7051253e-10,0,6.8161707e-15
0.93,1.3182154,1.3182154,0,0,1.1968974e-5,0,1.1968974e-5,3.3482119e-15,0,0,0,0,-1.1972262e-5,0,-1.1972262e-5,1.3704906e-15,2.0452751,2.0452751,0,0,2.7245692e-10,-2.7245692e-10,0,6.8336441e-15
0.935,1.3182154,1.3182154,0,0,1.193009e-5,0,1.193009e-5,3.3476147e-15,0,0,0,0,-1.1932785e-5,0,-1.1932785e-5,1.3704738e-15,2.049184,2.049184,0,0,1.9407634e-10,-1.9407634e-10,0,6.8641685e-15
0.94,1.3182154,1.3182154,0,0,1.191328e-5,0,1.191328e-5,3.3473176e-15,0,0,0,0,-1.1916501e-5,0,-1.1916501e-5,1.3704621e-15,2.0530929,2.0530929,0,0,2.2752294e-10,-2.2752294e-10,0,6.8765675e-15
0.945,1.3182154,1.3182154,0,0,1.1912896e-5,0,1.1912896e-5,3.3472121e-15,0,0,0,0,-1.1917336e-5,0,-1.1917336e-5,1.3704533e-15,2.0570018,2.0570018,0,0,3.2781827e-10,-3.2781827e-10,0,6.8777979e-15
0.95,1.3182154,1.3182154,0,0,1.1893881e-5,0,1.1893881e-5,3.3469151e-15,0,0,0,0,-1.1898908e-5,0,-1.1898908e-5,1.3704409e-15,2.0609108,2.0609108,0,0,3.4536369e-10,-3.4536369e-10,0,6.8926288e-15
0.955,1.3182154,1.3182154,0,0,1.1870741e-5,0,1.1870741e-5,3.3465945e-15,0,0,0,0,-1.1879169e-5,0,-1.1879169e-5,1.3704279e-15,2.0648197,2.0648197,0,0,3.5216798e-10,-3.5216798e-10,0,6.9092709e-15
0.96,1.3182154,1.3182154,0,0,1.1864061e-5,0,1.1864061e-5,3.3464267e-15,0,0,0,0,-1.1870137e-5,0,-1.1870137e-5,1.3704178e-15,2.0687286,2.0687286,0,0,4.2077601e-10,-4.2077601e-10,0,6.9152291e-15
0.965,1.3182154,1.3182154,0,0,1.1822032e-5,0,1.1822032e-5,3.3458689e-15,0,0,0,0,-1.1824514e-5,0,-1.1824514e-5,1.3704001e-15,2.0726375,2.0726375,0,0,3.2433688e-10,-3.2433688e-10,0,6.9495584e-15
0.97,1.3182154,1.3182154,0,0,1.1785805e-5,0,1.1785805e-5,3.3453731e-15,0,0,0,0,-1.1789343e-5,0,-1.1789343e-5,1.3703844e-15,2.0765465,2.0765465,0,0,2.7037111e-10,-2.7037111e-10,0,6.9762917e-15
0.975,1.3182154,1.3182154,0,0,1.1753161e-5,0,1.1753161e-5,3.344843e-15,0,0,0,0,-1.1755054e-5,0,-1.1755054e-5,1.3703687e-15,2.0804554,2.0804554,0,0,2.1575614e-10,-2.1575614e-10,0,7.002926e-15
0.98,1.3182154,1.3182154,0,0,1.1715673e-5,0,1.1715673e-5,3.3442208e-15,0,0,0,0,-1.1716697e-5,0,-1.1716697e-5,1.3703522e-15,2.0843643,2.0843643,0,0,1.4316321e-10,-1.4316321e-10,0,7.0321961e-15
0.985,1.3182154,1.3182154,0,0,1.1682772e-5,0,1.1682772e-5,3.3435279e-15,0,0,0,0,-1.1681054e-5,0,-1.1681054e-5,1.3703367e-15,2.0882732,2.0882732,0,0,9.2099998e-11,-9.2099998e-11,0,7.0578812e-15
0.99,1.3182154,1.3182154,0,0,1.167421e-5,0,1.167421e-5,3.343317e-15,0,0,0,0,-1.1677509e-5,0,-1.1677509e-5,1.3703268e-15,2.0921822,2.0921822,0,0,1.6754105e-10,-1.6754105e-10,0,7.0638922e-15
0.995,1.3182154,1.3182154,0,0,1.1650323e-5,0,1.1650323e-5,3.3428907e-15,0,0,0,0,-1.1651965e-5,0,-1.1651965e-5,1.3703132e-15,2.0960911,2.0960911,0,0,1.6025122e-10,-1.6025122e-10,0,7.0828015e-15
1,1.3182154,1.3182154,0,0,1.1645293e-5,0,1.1645293e-5,3.342741e-15,0,0,0,0,-1.1647133e-5,0,-1.1647133e-5,1.3703039e-15,2.1,2.1,0,0,2.4878909e-10,-2.4878909e-10,0,7.0864536e-15

